cce_loss,cce_accuracy,disc_loss,gan_loss
"tf.Tensor(123.40465, shape=(), dtype=float32)","tf.Tensor(0.0009775171, shape=(), dtype=float32)","tf.Tensor(0.0, shape=(), dtype=float32)","tf.Tensor(0.0, shape=(), dtype=float32)"
"tf.Tensor(59.02604, shape=(), dtype=float32)","tf.Tensor(0.31860283, shape=(), dtype=float32)","tf.Tensor(0.0, shape=(), dtype=float32)","tf.Tensor(0.0, shape=(), dtype=float32)"
"tf.Tensor(53.710346, shape=(), dtype=float32)","tf.Tensor(0.37924254, shape=(), dtype=float32)","tf.Tensor(0.0, shape=(), dtype=float32)","tf.Tensor(0.0, shape=(), dtype=float32)"
"tf.Tensor(50.571743, shape=(), dtype=float32)","tf.Tensor(0.4153182, shape=(), dtype=float32)","tf.Tensor(0.0, shape=(), dtype=float32)","tf.Tensor(0.0, shape=(), dtype=float32)"
"tf.Tensor(49.77092, shape=(), dtype=float32)","tf.Tensor(0.4212319, shape=(), dtype=float32)","tf.Tensor(0.0, shape=(), dtype=float32)","tf.Tensor(0.0, shape=(), dtype=float32)"
"tf.Tensor(49.59555, shape=(), dtype=float32)","tf.Tensor(0.41954994, shape=(), dtype=float32)","tf.Tensor(0.0, shape=(), dtype=float32)","tf.Tensor(0.0, shape=(), dtype=float32)"
"tf.Tensor(48.882713, shape=(), dtype=float32)","tf.Tensor(0.42719105, shape=(), dtype=float32)","tf.Tensor(0.0, shape=(), dtype=float32)","tf.Tensor(0.0, shape=(), dtype=float32)"
"tf.Tensor(48.147358, shape=(), dtype=float32)","tf.Tensor(0.43580234, shape=(), dtype=float32)","tf.Tensor(0.0, shape=(), dtype=float32)","tf.Tensor(0.0, shape=(), dtype=float32)"
"tf.Tensor(47.677567, shape=(), dtype=float32)","tf.Tensor(0.4393152, shape=(), dtype=float32)","tf.Tensor(0.0, shape=(), dtype=float32)","tf.Tensor(0.0, shape=(), dtype=float32)"
"tf.Tensor(47.63806, shape=(), dtype=float32)","tf.Tensor(0.4382587, shape=(), dtype=float32)","tf.Tensor(0.0, shape=(), dtype=float32)","tf.Tensor(0.0, shape=(), dtype=float32)"
"tf.Tensor(47.305218, shape=(), dtype=float32)","tf.Tensor(0.4417655, shape=(), dtype=float32)","tf.Tensor(0.0, shape=(), dtype=float32)","tf.Tensor(0.0, shape=(), dtype=float32)"
"tf.Tensor(46.97015, shape=(), dtype=float32)","tf.Tensor(0.44511658, shape=(), dtype=float32)","tf.Tensor(0.0, shape=(), dtype=float32)","tf.Tensor(0.0, shape=(), dtype=float32)"
"tf.Tensor(46.746162, shape=(), dtype=float32)","tf.Tensor(0.44699964, shape=(), dtype=float32)","tf.Tensor(0.0, shape=(), dtype=float32)","tf.Tensor(0.0, shape=(), dtype=float32)"
"tf.Tensor(46.919117, shape=(), dtype=float32)","tf.Tensor(0.44339958, shape=(), dtype=float32)","tf.Tensor(0.0, shape=(), dtype=float32)","tf.Tensor(0.0, shape=(), dtype=float32)"
"tf.Tensor(46.930843, shape=(), dtype=float32)","tf.Tensor(0.4427413, shape=(), dtype=float32)","tf.Tensor(0.0, shape=(), dtype=float32)","tf.Tensor(0.0, shape=(), dtype=float32)"
"tf.Tensor(46.650127, shape=(), dtype=float32)","tf.Tensor(0.44613072, shape=(), dtype=float32)","tf.Tensor(0.0, shape=(), dtype=float32)","tf.Tensor(0.0, shape=(), dtype=float32)"
"tf.Tensor(46.75093, shape=(), dtype=float32)","tf.Tensor(0.44395524, shape=(), dtype=float32)","tf.Tensor(0.0, shape=(), dtype=float32)","tf.Tensor(0.0, shape=(), dtype=float32)"
"tf.Tensor(46.59113, shape=(), dtype=float32)","tf.Tensor(0.44538167, shape=(), dtype=float32)","tf.Tensor(0.0, shape=(), dtype=float32)","tf.Tensor(0.0, shape=(), dtype=float32)"
"tf.Tensor(46.51519, shape=(), dtype=float32)","tf.Tensor(0.4461717, shape=(), dtype=float32)","tf.Tensor(0.0, shape=(), dtype=float32)","tf.Tensor(0.0, shape=(), dtype=float32)"
"tf.Tensor(46.37196, shape=(), dtype=float32)","tf.Tensor(0.44744366, shape=(), dtype=float32)","tf.Tensor(0.0, shape=(), dtype=float32)","tf.Tensor(0.0, shape=(), dtype=float32)"
"tf.Tensor(46.25348, shape=(), dtype=float32)","tf.Tensor(0.4486149, shape=(), dtype=float32)","tf.Tensor(0.0, shape=(), dtype=float32)","tf.Tensor(0.0, shape=(), dtype=float32)"
"tf.Tensor(46.143433, shape=(), dtype=float32)","tf.Tensor(0.4497583, shape=(), dtype=float32)","tf.Tensor(0.0, shape=(), dtype=float32)","tf.Tensor(0.0, shape=(), dtype=float32)"
"tf.Tensor(46.069622, shape=(), dtype=float32)","tf.Tensor(0.45058647, shape=(), dtype=float32)","tf.Tensor(0.0, shape=(), dtype=float32)","tf.Tensor(0.0, shape=(), dtype=float32)"
"tf.Tensor(45.962357, shape=(), dtype=float32)","tf.Tensor(0.45180833, shape=(), dtype=float32)","tf.Tensor(0.0, shape=(), dtype=float32)","tf.Tensor(0.0, shape=(), dtype=float32)"
"tf.Tensor(45.863777, shape=(), dtype=float32)","tf.Tensor(0.45320255, shape=(), dtype=float32)","tf.Tensor(0.0, shape=(), dtype=float32)","tf.Tensor(0.0, shape=(), dtype=float32)"
"tf.Tensor(45.871525, shape=(), dtype=float32)","tf.Tensor(0.45291966, shape=(), dtype=float32)","tf.Tensor(0.0, shape=(), dtype=float32)","tf.Tensor(0.0, shape=(), dtype=float32)"
"tf.Tensor(45.88439, shape=(), dtype=float32)","tf.Tensor(0.45232663, shape=(), dtype=float32)","tf.Tensor(0.0, shape=(), dtype=float32)","tf.Tensor(0.0, shape=(), dtype=float32)"
"tf.Tensor(45.868145, shape=(), dtype=float32)","tf.Tensor(0.45234376, shape=(), dtype=float32)","tf.Tensor(0.0, shape=(), dtype=float32)","tf.Tensor(0.0, shape=(), dtype=float32)"
"tf.Tensor(45.894085, shape=(), dtype=float32)","tf.Tensor(0.4517667, shape=(), dtype=float32)","tf.Tensor(0.0, shape=(), dtype=float32)","tf.Tensor(0.0, shape=(), dtype=float32)"
"tf.Tensor(28.917358, shape=(), dtype=float32)","tf.Tensor(0.7243402, shape=(), dtype=float32)","tf.Tensor(0.0, shape=(), dtype=float32)","tf.Tensor(0.0, shape=(), dtype=float32)"
"tf.Tensor(44.148376, shape=(), dtype=float32)","tf.Tensor(0.4593169, shape=(), dtype=float32)","tf.Tensor(0.0, shape=(), dtype=float32)","tf.Tensor(0.0, shape=(), dtype=float32)"
"tf.Tensor(44.741745, shape=(), dtype=float32)","tf.Tensor(0.45179775, shape=(), dtype=float32)","tf.Tensor(0.0, shape=(), dtype=float32)","tf.Tensor(0.0, shape=(), dtype=float32)"
"tf.Tensor(44.05641, shape=(), dtype=float32)","tf.Tensor(0.4637686, shape=(), dtype=float32)","tf.Tensor(0.0, shape=(), dtype=float32)","tf.Tensor(0.0, shape=(), dtype=float32)"
"tf.Tensor(44.556805, shape=(), dtype=float32)","tf.Tensor(0.45759994, shape=(), dtype=float32)","tf.Tensor(0.0, shape=(), dtype=float32)","tf.Tensor(0.0, shape=(), dtype=float32)"
"tf.Tensor(45.192963, shape=(), dtype=float32)","tf.Tensor(0.44865888, shape=(), dtype=float32)","tf.Tensor(0.0, shape=(), dtype=float32)","tf.Tensor(0.0, shape=(), dtype=float32)"
"tf.Tensor(45.06492, shape=(), dtype=float32)","tf.Tensor(0.45145673, shape=(), dtype=float32)","tf.Tensor(0.0, shape=(), dtype=float32)","tf.Tensor(0.0, shape=(), dtype=float32)"
"tf.Tensor(44.719746, shape=(), dtype=float32)","tf.Tensor(0.45660645, shape=(), dtype=float32)","tf.Tensor(0.0, shape=(), dtype=float32)","tf.Tensor(0.0, shape=(), dtype=float32)"
"tf.Tensor(44.623768, shape=(), dtype=float32)","tf.Tensor(0.45752203, shape=(), dtype=float32)","tf.Tensor(0.0, shape=(), dtype=float32)","tf.Tensor(0.0, shape=(), dtype=float32)"
"tf.Tensor(44.84559, shape=(), dtype=float32)","tf.Tensor(0.4544448, shape=(), dtype=float32)","tf.Tensor(0.0, shape=(), dtype=float32)","tf.Tensor(0.0, shape=(), dtype=float32)"
"tf.Tensor(44.72079, shape=(), dtype=float32)","tf.Tensor(0.4563346, shape=(), dtype=float32)","tf.Tensor(0.0, shape=(), dtype=float32)","tf.Tensor(0.0, shape=(), dtype=float32)"
"tf.Tensor(44.56468, shape=(), dtype=float32)","tf.Tensor(0.45836243, shape=(), dtype=float32)","tf.Tensor(0.0, shape=(), dtype=float32)","tf.Tensor(0.0, shape=(), dtype=float32)"
"tf.Tensor(44.48968, shape=(), dtype=float32)","tf.Tensor(0.45914263, shape=(), dtype=float32)","tf.Tensor(0.0, shape=(), dtype=float32)","tf.Tensor(0.0, shape=(), dtype=float32)"
"tf.Tensor(44.79656, shape=(), dtype=float32)","tf.Tensor(0.45460922, shape=(), dtype=float32)","tf.Tensor(0.0, shape=(), dtype=float32)","tf.Tensor(0.0, shape=(), dtype=float32)"
"tf.Tensor(44.92063, shape=(), dtype=float32)","tf.Tensor(0.45315084, shape=(), dtype=float32)","tf.Tensor(0.0, shape=(), dtype=float32)","tf.Tensor(0.0, shape=(), dtype=float32)"
"tf.Tensor(44.746246, shape=(), dtype=float32)","tf.Tensor(0.45584673, shape=(), dtype=float32)","tf.Tensor(0.0, shape=(), dtype=float32)","tf.Tensor(0.0, shape=(), dtype=float32)"
"tf.Tensor(44.935787, shape=(), dtype=float32)","tf.Tensor(0.45306438, shape=(), dtype=float32)","tf.Tensor(0.0, shape=(), dtype=float32)","tf.Tensor(0.0, shape=(), dtype=float32)"
"tf.Tensor(44.860928, shape=(), dtype=float32)","tf.Tensor(0.45395532, shape=(), dtype=float32)","tf.Tensor(0.0, shape=(), dtype=float32)","tf.Tensor(0.0, shape=(), dtype=float32)"
"tf.Tensor(44.859283, shape=(), dtype=float32)","tf.Tensor(0.4542693, shape=(), dtype=float32)","tf.Tensor(0.0, shape=(), dtype=float32)","tf.Tensor(0.0, shape=(), dtype=float32)"
"tf.Tensor(44.7856, shape=(), dtype=float32)","tf.Tensor(0.45511526, shape=(), dtype=float32)","tf.Tensor(0.0, shape=(), dtype=float32)","tf.Tensor(0.0, shape=(), dtype=float32)"
"tf.Tensor(44.728798, shape=(), dtype=float32)","tf.Tensor(0.4559031, shape=(), dtype=float32)","tf.Tensor(0.0, shape=(), dtype=float32)","tf.Tensor(0.0, shape=(), dtype=float32)"
"tf.Tensor(44.67616, shape=(), dtype=float32)","tf.Tensor(0.4566996, shape=(), dtype=float32)","tf.Tensor(0.0, shape=(), dtype=float32)","tf.Tensor(0.0, shape=(), dtype=float32)"
"tf.Tensor(44.65323, shape=(), dtype=float32)","tf.Tensor(0.45721242, shape=(), dtype=float32)","tf.Tensor(0.0, shape=(), dtype=float32)","tf.Tensor(0.0, shape=(), dtype=float32)"
"tf.Tensor(44.593918, shape=(), dtype=float32)","tf.Tensor(0.45814648, shape=(), dtype=float32)","tf.Tensor(0.0, shape=(), dtype=float32)","tf.Tensor(0.0, shape=(), dtype=float32)"
"tf.Tensor(44.535645, shape=(), dtype=float32)","tf.Tensor(0.4592767, shape=(), dtype=float32)","tf.Tensor(0.0, shape=(), dtype=float32)","tf.Tensor(0.0, shape=(), dtype=float32)"
"tf.Tensor(44.58026, shape=(), dtype=float32)","tf.Tensor(0.45875096, shape=(), dtype=float32)","tf.Tensor(0.0, shape=(), dtype=float32)","tf.Tensor(0.0, shape=(), dtype=float32)"
"tf.Tensor(44.631874, shape=(), dtype=float32)","tf.Tensor(0.45793375, shape=(), dtype=float32)","tf.Tensor(0.0, shape=(), dtype=float32)","tf.Tensor(0.0, shape=(), dtype=float32)"
"tf.Tensor(44.651783, shape=(), dtype=float32)","tf.Tensor(0.4577433, shape=(), dtype=float32)","tf.Tensor(0.0, shape=(), dtype=float32)","tf.Tensor(0.0, shape=(), dtype=float32)"
"tf.Tensor(44.711754, shape=(), dtype=float32)","tf.Tensor(0.45697346, shape=(), dtype=float32)","tf.Tensor(0.0, shape=(), dtype=float32)","tf.Tensor(0.0, shape=(), dtype=float32)"
"tf.Tensor(29.068085, shape=(), dtype=float32)","tf.Tensor(0.7243402, shape=(), dtype=float32)","tf.Tensor(0.0, shape=(), dtype=float32)","tf.Tensor(0.0, shape=(), dtype=float32)"
"tf.Tensor(44.124638, shape=(), dtype=float32)","tf.Tensor(0.4593169, shape=(), dtype=float32)","tf.Tensor(0.0, shape=(), dtype=float32)","tf.Tensor(0.0, shape=(), dtype=float32)"
"tf.Tensor(44.719242, shape=(), dtype=float32)","tf.Tensor(0.45179775, shape=(), dtype=float32)","tf.Tensor(0.0, shape=(), dtype=float32)","tf.Tensor(0.0, shape=(), dtype=float32)"
"tf.Tensor(44.028996, shape=(), dtype=float32)","tf.Tensor(0.4637686, shape=(), dtype=float32)","tf.Tensor(0.0, shape=(), dtype=float32)","tf.Tensor(0.0, shape=(), dtype=float32)"
"tf.Tensor(44.51987, shape=(), dtype=float32)","tf.Tensor(0.45759994, shape=(), dtype=float32)","tf.Tensor(0.0, shape=(), dtype=float32)","tf.Tensor(0.0, shape=(), dtype=float32)"
"tf.Tensor(45.154213, shape=(), dtype=float32)","tf.Tensor(0.44865888, shape=(), dtype=float32)","tf.Tensor(0.0, shape=(), dtype=float32)","tf.Tensor(0.0, shape=(), dtype=float32)"
"tf.Tensor(45.021484, shape=(), dtype=float32)","tf.Tensor(0.45145673, shape=(), dtype=float32)","tf.Tensor(0.0, shape=(), dtype=float32)","tf.Tensor(0.0, shape=(), dtype=float32)"
"tf.Tensor(44.664967, shape=(), dtype=float32)","tf.Tensor(0.45660645, shape=(), dtype=float32)","tf.Tensor(0.0, shape=(), dtype=float32)","tf.Tensor(0.0, shape=(), dtype=float32)"
"tf.Tensor(44.567944, shape=(), dtype=float32)","tf.Tensor(0.45752203, shape=(), dtype=float32)","tf.Tensor(0.0, shape=(), dtype=float32)","tf.Tensor(0.0, shape=(), dtype=float32)"
"tf.Tensor(44.78661, shape=(), dtype=float32)","tf.Tensor(0.4544448, shape=(), dtype=float32)","tf.Tensor(0.0, shape=(), dtype=float32)","tf.Tensor(0.0, shape=(), dtype=float32)"
"tf.Tensor(44.659225, shape=(), dtype=float32)","tf.Tensor(0.4563346, shape=(), dtype=float32)","tf.Tensor(0.0, shape=(), dtype=float32)","tf.Tensor(0.0, shape=(), dtype=float32)"
"tf.Tensor(44.498165, shape=(), dtype=float32)","tf.Tensor(0.45836243, shape=(), dtype=float32)","tf.Tensor(0.0, shape=(), dtype=float32)","tf.Tensor(0.0, shape=(), dtype=float32)"
"tf.Tensor(44.42244, shape=(), dtype=float32)","tf.Tensor(0.45914263, shape=(), dtype=float32)","tf.Tensor(0.0, shape=(), dtype=float32)","tf.Tensor(0.0, shape=(), dtype=float32)"
"tf.Tensor(44.7283, shape=(), dtype=float32)","tf.Tensor(0.45460922, shape=(), dtype=float32)","tf.Tensor(0.0, shape=(), dtype=float32)","tf.Tensor(0.0, shape=(), dtype=float32)"
"tf.Tensor(44.84827, shape=(), dtype=float32)","tf.Tensor(0.45315084, shape=(), dtype=float32)","tf.Tensor(0.0, shape=(), dtype=float32)","tf.Tensor(0.0, shape=(), dtype=float32)"
"tf.Tensor(44.6736, shape=(), dtype=float32)","tf.Tensor(0.45584673, shape=(), dtype=float32)","tf.Tensor(0.0, shape=(), dtype=float32)","tf.Tensor(0.0, shape=(), dtype=float32)"
"tf.Tensor(44.862347, shape=(), dtype=float32)","tf.Tensor(0.45306438, shape=(), dtype=float32)","tf.Tensor(0.0, shape=(), dtype=float32)","tf.Tensor(0.0, shape=(), dtype=float32)"
"tf.Tensor(44.786606, shape=(), dtype=float32)","tf.Tensor(0.45395532, shape=(), dtype=float32)","tf.Tensor(0.0, shape=(), dtype=float32)","tf.Tensor(0.0, shape=(), dtype=float32)"
"tf.Tensor(44.784306, shape=(), dtype=float32)","tf.Tensor(0.4542693, shape=(), dtype=float32)","tf.Tensor(0.0, shape=(), dtype=float32)","tf.Tensor(0.0, shape=(), dtype=float32)"
"tf.Tensor(44.71029, shape=(), dtype=float32)","tf.Tensor(0.45511526, shape=(), dtype=float32)","tf.Tensor(0.0, shape=(), dtype=float32)","tf.Tensor(0.0, shape=(), dtype=float32)"
"tf.Tensor(44.658726, shape=(), dtype=float32)","tf.Tensor(0.4559031, shape=(), dtype=float32)","tf.Tensor(0.0, shape=(), dtype=float32)","tf.Tensor(0.0, shape=(), dtype=float32)"
"tf.Tensor(44.604134, shape=(), dtype=float32)","tf.Tensor(0.4566996, shape=(), dtype=float32)","tf.Tensor(0.0, shape=(), dtype=float32)","tf.Tensor(0.0, shape=(), dtype=float32)"
"tf.Tensor(44.579372, shape=(), dtype=float32)","tf.Tensor(0.45721242, shape=(), dtype=float32)","tf.Tensor(0.0, shape=(), dtype=float32)","tf.Tensor(0.0, shape=(), dtype=float32)"
"tf.Tensor(44.51714, shape=(), dtype=float32)","tf.Tensor(0.45814648, shape=(), dtype=float32)","tf.Tensor(0.0, shape=(), dtype=float32)","tf.Tensor(0.0, shape=(), dtype=float32)"
"tf.Tensor(44.455887, shape=(), dtype=float32)","tf.Tensor(0.4592767, shape=(), dtype=float32)","tf.Tensor(0.0, shape=(), dtype=float32)","tf.Tensor(0.0, shape=(), dtype=float32)"
"tf.Tensor(44.497704, shape=(), dtype=float32)","tf.Tensor(0.45875096, shape=(), dtype=float32)","tf.Tensor(0.0, shape=(), dtype=float32)","tf.Tensor(0.0, shape=(), dtype=float32)"
"tf.Tensor(44.548435, shape=(), dtype=float32)","tf.Tensor(0.45793375, shape=(), dtype=float32)","tf.Tensor(0.0, shape=(), dtype=float32)","tf.Tensor(0.0, shape=(), dtype=float32)"
"tf.Tensor(44.567158, shape=(), dtype=float32)","tf.Tensor(0.4577433, shape=(), dtype=float32)","tf.Tensor(0.0, shape=(), dtype=float32)","tf.Tensor(0.0, shape=(), dtype=float32)"
"tf.Tensor(44.624943, shape=(), dtype=float32)","tf.Tensor(0.45697346, shape=(), dtype=float32)","tf.Tensor(0.0, shape=(), dtype=float32)","tf.Tensor(0.0, shape=(), dtype=float32)"
"tf.Tensor(29.187656, shape=(), dtype=float32)","tf.Tensor(0.7243402, shape=(), dtype=float32)","tf.Tensor(0.0, shape=(), dtype=float32)","tf.Tensor(0.0, shape=(), dtype=float32)"
"tf.Tensor(44.07039, shape=(), dtype=float32)","tf.Tensor(0.4593169, shape=(), dtype=float32)","tf.Tensor(0.0, shape=(), dtype=float32)","tf.Tensor(0.0, shape=(), dtype=float32)"
"tf.Tensor(44.66625, shape=(), dtype=float32)","tf.Tensor(0.45179775, shape=(), dtype=float32)","tf.Tensor(0.0, shape=(), dtype=float32)","tf.Tensor(0.0, shape=(), dtype=float32)"
"tf.Tensor(43.976597, shape=(), dtype=float32)","tf.Tensor(0.4637686, shape=(), dtype=float32)","tf.Tensor(0.0, shape=(), dtype=float32)","tf.Tensor(0.0, shape=(), dtype=float32)"
"tf.Tensor(44.463493, shape=(), dtype=float32)","tf.Tensor(0.45759994, shape=(), dtype=float32)","tf.Tensor(0.0, shape=(), dtype=float32)","tf.Tensor(0.0, shape=(), dtype=float32)"
"tf.Tensor(45.098503, shape=(), dtype=float32)","tf.Tensor(0.44865888, shape=(), dtype=float32)","tf.Tensor(0.0, shape=(), dtype=float32)","tf.Tensor(0.0, shape=(), dtype=float32)"
"tf.Tensor(44.962963, shape=(), dtype=float32)","tf.Tensor(0.45145673, shape=(), dtype=float32)","tf.Tensor(0.0, shape=(), dtype=float32)","tf.Tensor(0.0, shape=(), dtype=float32)"
"tf.Tensor(44.60118, shape=(), dtype=float32)","tf.Tensor(0.45660645, shape=(), dtype=float32)","tf.Tensor(0.0, shape=(), dtype=float32)","tf.Tensor(0.0, shape=(), dtype=float32)"
"tf.Tensor(44.505566, shape=(), dtype=float32)","tf.Tensor(0.45752203, shape=(), dtype=float32)","tf.Tensor(0.0, shape=(), dtype=float32)","tf.Tensor(0.0, shape=(), dtype=float32)"
"tf.Tensor(44.723934, shape=(), dtype=float32)","tf.Tensor(0.4544448, shape=(), dtype=float32)","tf.Tensor(0.0, shape=(), dtype=float32)","tf.Tensor(0.0, shape=(), dtype=float32)"
"tf.Tensor(44.596912, shape=(), dtype=float32)","tf.Tensor(0.4563346, shape=(), dtype=float32)","tf.Tensor(0.0, shape=(), dtype=float32)","tf.Tensor(0.0, shape=(), dtype=float32)"
"tf.Tensor(44.434128, shape=(), dtype=float32)","tf.Tensor(0.45836243, shape=(), dtype=float32)","tf.Tensor(0.0, shape=(), dtype=float32)","tf.Tensor(0.0, shape=(), dtype=float32)"
"tf.Tensor(44.359364, shape=(), dtype=float32)","tf.Tensor(0.45914263, shape=(), dtype=float32)","tf.Tensor(0.0, shape=(), dtype=float32)","tf.Tensor(0.0, shape=(), dtype=float32)"
"tf.Tensor(44.6656, shape=(), dtype=float32)","tf.Tensor(0.45460922, shape=(), dtype=float32)","tf.Tensor(0.0, shape=(), dtype=float32)","tf.Tensor(0.0, shape=(), dtype=float32)"
"tf.Tensor(44.784164, shape=(), dtype=float32)","tf.Tensor(0.45315084, shape=(), dtype=float32)","tf.Tensor(0.0, shape=(), dtype=float32)","tf.Tensor(0.0, shape=(), dtype=float32)"
"tf.Tensor(44.60992, shape=(), dtype=float32)","tf.Tensor(0.45584673, shape=(), dtype=float32)","tf.Tensor(0.0, shape=(), dtype=float32)","tf.Tensor(0.0, shape=(), dtype=float32)"
"tf.Tensor(44.799686, shape=(), dtype=float32)","tf.Tensor(0.45306438, shape=(), dtype=float32)","tf.Tensor(0.0, shape=(), dtype=float32)","tf.Tensor(0.0, shape=(), dtype=float32)"
"tf.Tensor(44.72491, shape=(), dtype=float32)","tf.Tensor(0.45395532, shape=(), dtype=float32)","tf.Tensor(0.0, shape=(), dtype=float32)","tf.Tensor(0.0, shape=(), dtype=float32)"
"tf.Tensor(44.72344, shape=(), dtype=float32)","tf.Tensor(0.4542693, shape=(), dtype=float32)","tf.Tensor(0.0, shape=(), dtype=float32)","tf.Tensor(0.0, shape=(), dtype=float32)"
"tf.Tensor(44.650143, shape=(), dtype=float32)","tf.Tensor(0.45511526, shape=(), dtype=float32)","tf.Tensor(0.0, shape=(), dtype=float32)","tf.Tensor(0.0, shape=(), dtype=float32)"
"tf.Tensor(44.592453, shape=(), dtype=float32)","tf.Tensor(0.4559031, shape=(), dtype=float32)","tf.Tensor(0.0, shape=(), dtype=float32)","tf.Tensor(0.0, shape=(), dtype=float32)"
"tf.Tensor(44.537933, shape=(), dtype=float32)","tf.Tensor(0.4566996, shape=(), dtype=float32)","tf.Tensor(0.0, shape=(), dtype=float32)","tf.Tensor(0.0, shape=(), dtype=float32)"
"tf.Tensor(44.512966, shape=(), dtype=float32)","tf.Tensor(0.45721242, shape=(), dtype=float32)","tf.Tensor(0.0, shape=(), dtype=float32)","tf.Tensor(0.0, shape=(), dtype=float32)"
"tf.Tensor(44.451103, shape=(), dtype=float32)","tf.Tensor(0.45814648, shape=(), dtype=float32)","tf.Tensor(0.0, shape=(), dtype=float32)","tf.Tensor(0.0, shape=(), dtype=float32)"
"tf.Tensor(44.38965, shape=(), dtype=float32)","tf.Tensor(0.4592767, shape=(), dtype=float32)","tf.Tensor(0.0, shape=(), dtype=float32)","tf.Tensor(0.0, shape=(), dtype=float32)"
"tf.Tensor(44.43081, shape=(), dtype=float32)","tf.Tensor(0.45875096, shape=(), dtype=float32)","tf.Tensor(0.0, shape=(), dtype=float32)","tf.Tensor(0.0, shape=(), dtype=float32)"
"tf.Tensor(44.482063, shape=(), dtype=float32)","tf.Tensor(0.45793375, shape=(), dtype=float32)","tf.Tensor(0.0, shape=(), dtype=float32)","tf.Tensor(0.0, shape=(), dtype=float32)"
"tf.Tensor(44.501015, shape=(), dtype=float32)","tf.Tensor(0.4577433, shape=(), dtype=float32)","tf.Tensor(0.0, shape=(), dtype=float32)","tf.Tensor(0.0, shape=(), dtype=float32)"
"tf.Tensor(44.55831, shape=(), dtype=float32)","tf.Tensor(0.45697346, shape=(), dtype=float32)","tf.Tensor(0.0, shape=(), dtype=float32)","tf.Tensor(0.0, shape=(), dtype=float32)"
"tf.Tensor(29.131079, shape=(), dtype=float32)","tf.Tensor(0.7243402, shape=(), dtype=float32)","tf.Tensor(0.0, shape=(), dtype=float32)","tf.Tensor(0.0, shape=(), dtype=float32)"
"tf.Tensor(44.02284, shape=(), dtype=float32)","tf.Tensor(0.4593169, shape=(), dtype=float32)","tf.Tensor(0.0, shape=(), dtype=float32)","tf.Tensor(0.0, shape=(), dtype=float32)"
"tf.Tensor(44.628944, shape=(), dtype=float32)","tf.Tensor(0.45179775, shape=(), dtype=float32)","tf.Tensor(0.0, shape=(), dtype=float32)","tf.Tensor(0.0, shape=(), dtype=float32)"
"tf.Tensor(43.93748, shape=(), dtype=float32)","tf.Tensor(0.4637686, shape=(), dtype=float32)","tf.Tensor(0.0, shape=(), dtype=float32)","tf.Tensor(0.0, shape=(), dtype=float32)"
"tf.Tensor(44.422943, shape=(), dtype=float32)","tf.Tensor(0.45759994, shape=(), dtype=float32)","tf.Tensor(0.0, shape=(), dtype=float32)","tf.Tensor(0.0, shape=(), dtype=float32)"
"tf.Tensor(45.057194, shape=(), dtype=float32)","tf.Tensor(0.44865888, shape=(), dtype=float32)","tf.Tensor(0.0, shape=(), dtype=float32)","tf.Tensor(0.0, shape=(), dtype=float32)"
"tf.Tensor(44.919144, shape=(), dtype=float32)","tf.Tensor(0.45145673, shape=(), dtype=float32)","tf.Tensor(0.0, shape=(), dtype=float32)","tf.Tensor(0.0, shape=(), dtype=float32)"
"tf.Tensor(44.555077, shape=(), dtype=float32)","tf.Tensor(0.45660645, shape=(), dtype=float32)","tf.Tensor(0.0, shape=(), dtype=float32)","tf.Tensor(0.0, shape=(), dtype=float32)"
"tf.Tensor(44.46067, shape=(), dtype=float32)","tf.Tensor(0.45752203, shape=(), dtype=float32)","tf.Tensor(0.0, shape=(), dtype=float32)","tf.Tensor(0.0, shape=(), dtype=float32)"
"tf.Tensor(44.678074, shape=(), dtype=float32)","tf.Tensor(0.4544448, shape=(), dtype=float32)","tf.Tensor(0.0, shape=(), dtype=float32)","tf.Tensor(0.0, shape=(), dtype=float32)"
"tf.Tensor(44.551247, shape=(), dtype=float32)","tf.Tensor(0.4563346, shape=(), dtype=float32)","tf.Tensor(0.0, shape=(), dtype=float32)","tf.Tensor(0.0, shape=(), dtype=float32)"
"tf.Tensor(44.387768, shape=(), dtype=float32)","tf.Tensor(0.45836243, shape=(), dtype=float32)","tf.Tensor(0.0, shape=(), dtype=float32)","tf.Tensor(0.0, shape=(), dtype=float32)"
"tf.Tensor(44.313526, shape=(), dtype=float32)","tf.Tensor(0.45914263, shape=(), dtype=float32)","tf.Tensor(0.0, shape=(), dtype=float32)","tf.Tensor(0.0, shape=(), dtype=float32)"
"tf.Tensor(44.619553, shape=(), dtype=float32)","tf.Tensor(0.45460922, shape=(), dtype=float32)","tf.Tensor(0.0, shape=(), dtype=float32)","tf.Tensor(0.0, shape=(), dtype=float32)"
"tf.Tensor(44.73749, shape=(), dtype=float32)","tf.Tensor(0.45315084, shape=(), dtype=float32)","tf.Tensor(0.0, shape=(), dtype=float32)","tf.Tensor(0.0, shape=(), dtype=float32)"
"tf.Tensor(44.56404, shape=(), dtype=float32)","tf.Tensor(0.45584673, shape=(), dtype=float32)","tf.Tensor(0.0, shape=(), dtype=float32)","tf.Tensor(0.0, shape=(), dtype=float32)"
"tf.Tensor(44.75326, shape=(), dtype=float32)","tf.Tensor(0.45306438, shape=(), dtype=float32)","tf.Tensor(0.0, shape=(), dtype=float32)","tf.Tensor(0.0, shape=(), dtype=float32)"
"tf.Tensor(44.67897, shape=(), dtype=float32)","tf.Tensor(0.45395532, shape=(), dtype=float32)","tf.Tensor(0.0, shape=(), dtype=float32)","tf.Tensor(0.0, shape=(), dtype=float32)"
"tf.Tensor(44.67801, shape=(), dtype=float32)","tf.Tensor(0.4542693, shape=(), dtype=float32)","tf.Tensor(0.0, shape=(), dtype=float32)","tf.Tensor(0.0, shape=(), dtype=float32)"
"tf.Tensor(44.605072, shape=(), dtype=float32)","tf.Tensor(0.45511526, shape=(), dtype=float32)","tf.Tensor(0.0, shape=(), dtype=float32)","tf.Tensor(0.0, shape=(), dtype=float32)"
"tf.Tensor(44.547478, shape=(), dtype=float32)","tf.Tensor(0.4559031, shape=(), dtype=float32)","tf.Tensor(0.0, shape=(), dtype=float32)","tf.Tensor(0.0, shape=(), dtype=float32)"
"tf.Tensor(44.492424, shape=(), dtype=float32)","tf.Tensor(0.4566996, shape=(), dtype=float32)","tf.Tensor(0.0, shape=(), dtype=float32)","tf.Tensor(0.0, shape=(), dtype=float32)"
"tf.Tensor(44.467026, shape=(), dtype=float32)","tf.Tensor(0.45721242, shape=(), dtype=float32)","tf.Tensor(0.0, shape=(), dtype=float32)","tf.Tensor(0.0, shape=(), dtype=float32)"
"tf.Tensor(44.40528, shape=(), dtype=float32)","tf.Tensor(0.45814648, shape=(), dtype=float32)","tf.Tensor(0.0, shape=(), dtype=float32)","tf.Tensor(0.0, shape=(), dtype=float32)"
"tf.Tensor(44.343475, shape=(), dtype=float32)","tf.Tensor(0.4592767, shape=(), dtype=float32)","tf.Tensor(0.0, shape=(), dtype=float32)","tf.Tensor(0.0, shape=(), dtype=float32)"
"tf.Tensor(44.38389, shape=(), dtype=float32)","tf.Tensor(0.45875096, shape=(), dtype=float32)","tf.Tensor(0.0, shape=(), dtype=float32)","tf.Tensor(0.0, shape=(), dtype=float32)"
"tf.Tensor(44.435146, shape=(), dtype=float32)","tf.Tensor(0.45793375, shape=(), dtype=float32)","tf.Tensor(0.0, shape=(), dtype=float32)","tf.Tensor(0.0, shape=(), dtype=float32)"
"tf.Tensor(44.45385, shape=(), dtype=float32)","tf.Tensor(0.4577433, shape=(), dtype=float32)","tf.Tensor(0.0, shape=(), dtype=float32)","tf.Tensor(0.0, shape=(), dtype=float32)"
"tf.Tensor(44.510468, shape=(), dtype=float32)","tf.Tensor(0.45697346, shape=(), dtype=float32)","tf.Tensor(0.0, shape=(), dtype=float32)","tf.Tensor(0.0, shape=(), dtype=float32)"
"tf.Tensor(28.846134, shape=(), dtype=float32)","tf.Tensor(0.7243402, shape=(), dtype=float32)","tf.Tensor(0.0, shape=(), dtype=float32)","tf.Tensor(0.0, shape=(), dtype=float32)"
"tf.Tensor(43.95121, shape=(), dtype=float32)","tf.Tensor(0.4593169, shape=(), dtype=float32)","tf.Tensor(0.0, shape=(), dtype=float32)","tf.Tensor(0.0, shape=(), dtype=float32)"
"tf.Tensor(44.55649, shape=(), dtype=float32)","tf.Tensor(0.45179775, shape=(), dtype=float32)","tf.Tensor(0.0, shape=(), dtype=float32)","tf.Tensor(0.0, shape=(), dtype=float32)"
"tf.Tensor(43.873108, shape=(), dtype=float32)","tf.Tensor(0.4637686, shape=(), dtype=float32)","tf.Tensor(0.0, shape=(), dtype=float32)","tf.Tensor(0.0, shape=(), dtype=float32)"
"tf.Tensor(44.361534, shape=(), dtype=float32)","tf.Tensor(0.45759994, shape=(), dtype=float32)","tf.Tensor(0.0, shape=(), dtype=float32)","tf.Tensor(0.0, shape=(), dtype=float32)"
"tf.Tensor(44.998543, shape=(), dtype=float32)","tf.Tensor(0.44865888, shape=(), dtype=float32)","tf.Tensor(0.0, shape=(), dtype=float32)","tf.Tensor(0.0, shape=(), dtype=float32)"
"tf.Tensor(44.861843, shape=(), dtype=float32)","tf.Tensor(0.45145673, shape=(), dtype=float32)","tf.Tensor(0.0, shape=(), dtype=float32)","tf.Tensor(0.0, shape=(), dtype=float32)"
"tf.Tensor(44.498882, shape=(), dtype=float32)","tf.Tensor(0.45660645, shape=(), dtype=float32)","tf.Tensor(0.0, shape=(), dtype=float32)","tf.Tensor(0.0, shape=(), dtype=float32)"
"tf.Tensor(44.406586, shape=(), dtype=float32)","tf.Tensor(0.45752203, shape=(), dtype=float32)","tf.Tensor(0.0, shape=(), dtype=float32)","tf.Tensor(0.0, shape=(), dtype=float32)"
"tf.Tensor(44.6228, shape=(), dtype=float32)","tf.Tensor(0.4544448, shape=(), dtype=float32)","tf.Tensor(0.0, shape=(), dtype=float32)","tf.Tensor(0.0, shape=(), dtype=float32)"
"tf.Tensor(44.49725, shape=(), dtype=float32)","tf.Tensor(0.4563346, shape=(), dtype=float32)","tf.Tensor(0.0, shape=(), dtype=float32)","tf.Tensor(0.0, shape=(), dtype=float32)"
"tf.Tensor(44.3348, shape=(), dtype=float32)","tf.Tensor(0.45836243, shape=(), dtype=float32)","tf.Tensor(0.0, shape=(), dtype=float32)","tf.Tensor(0.0, shape=(), dtype=float32)"
"tf.Tensor(44.26175, shape=(), dtype=float32)","tf.Tensor(0.45914263, shape=(), dtype=float32)","tf.Tensor(0.0, shape=(), dtype=float32)","tf.Tensor(0.0, shape=(), dtype=float32)"
"tf.Tensor(44.56815, shape=(), dtype=float32)","tf.Tensor(0.45460922, shape=(), dtype=float32)","tf.Tensor(0.0, shape=(), dtype=float32)","tf.Tensor(0.0, shape=(), dtype=float32)"
"tf.Tensor(44.686207, shape=(), dtype=float32)","tf.Tensor(0.45315084, shape=(), dtype=float32)","tf.Tensor(0.0, shape=(), dtype=float32)","tf.Tensor(0.0, shape=(), dtype=float32)"
"tf.Tensor(44.51364, shape=(), dtype=float32)","tf.Tensor(0.45584673, shape=(), dtype=float32)","tf.Tensor(0.0, shape=(), dtype=float32)","tf.Tensor(0.0, shape=(), dtype=float32)"
"tf.Tensor(44.702675, shape=(), dtype=float32)","tf.Tensor(0.45306438, shape=(), dtype=float32)","tf.Tensor(0.0, shape=(), dtype=float32)","tf.Tensor(0.0, shape=(), dtype=float32)"
"tf.Tensor(44.62914, shape=(), dtype=float32)","tf.Tensor(0.45395532, shape=(), dtype=float32)","tf.Tensor(0.0, shape=(), dtype=float32)","tf.Tensor(0.0, shape=(), dtype=float32)"
"tf.Tensor(44.628902, shape=(), dtype=float32)","tf.Tensor(0.4542693, shape=(), dtype=float32)","tf.Tensor(0.0, shape=(), dtype=float32)","tf.Tensor(0.0, shape=(), dtype=float32)"
"tf.Tensor(44.556656, shape=(), dtype=float32)","tf.Tensor(0.45511526, shape=(), dtype=float32)","tf.Tensor(0.0, shape=(), dtype=float32)","tf.Tensor(0.0, shape=(), dtype=float32)"
"tf.Tensor(44.499363, shape=(), dtype=float32)","tf.Tensor(0.4559031, shape=(), dtype=float32)","tf.Tensor(0.0, shape=(), dtype=float32)","tf.Tensor(0.0, shape=(), dtype=float32)"
"tf.Tensor(44.4442, shape=(), dtype=float32)","tf.Tensor(0.4566996, shape=(), dtype=float32)","tf.Tensor(0.0, shape=(), dtype=float32)","tf.Tensor(0.0, shape=(), dtype=float32)"
"tf.Tensor(44.418797, shape=(), dtype=float32)","tf.Tensor(0.45721242, shape=(), dtype=float32)","tf.Tensor(0.0, shape=(), dtype=float32)","tf.Tensor(0.0, shape=(), dtype=float32)"
"tf.Tensor(44.357445, shape=(), dtype=float32)","tf.Tensor(0.45814648, shape=(), dtype=float32)","tf.Tensor(0.0, shape=(), dtype=float32)","tf.Tensor(0.0, shape=(), dtype=float32)"
"tf.Tensor(44.295578, shape=(), dtype=float32)","tf.Tensor(0.4592767, shape=(), dtype=float32)","tf.Tensor(0.0, shape=(), dtype=float32)","tf.Tensor(0.0, shape=(), dtype=float32)"
"tf.Tensor(44.335526, shape=(), dtype=float32)","tf.Tensor(0.45875096, shape=(), dtype=float32)","tf.Tensor(0.0, shape=(), dtype=float32)","tf.Tensor(0.0, shape=(), dtype=float32)"
"tf.Tensor(44.3869, shape=(), dtype=float32)","tf.Tensor(0.45793375, shape=(), dtype=float32)","tf.Tensor(0.0, shape=(), dtype=float32)","tf.Tensor(0.0, shape=(), dtype=float32)"
"tf.Tensor(44.405563, shape=(), dtype=float32)","tf.Tensor(0.4577433, shape=(), dtype=float32)","tf.Tensor(0.0, shape=(), dtype=float32)","tf.Tensor(0.0, shape=(), dtype=float32)"
"tf.Tensor(44.462605, shape=(), dtype=float32)","tf.Tensor(0.45697346, shape=(), dtype=float32)","tf.Tensor(0.0, shape=(), dtype=float32)","tf.Tensor(0.0, shape=(), dtype=float32)"
"tf.Tensor(28.815235, shape=(), dtype=float32)","tf.Tensor(0.7243402, shape=(), dtype=float32)","tf.Tensor(0.0, shape=(), dtype=float32)","tf.Tensor(0.0, shape=(), dtype=float32)"
"tf.Tensor(43.874096, shape=(), dtype=float32)","tf.Tensor(0.4593169, shape=(), dtype=float32)","tf.Tensor(0.0, shape=(), dtype=float32)","tf.Tensor(0.0, shape=(), dtype=float32)"
"tf.Tensor(44.486412, shape=(), dtype=float32)","tf.Tensor(0.45179775, shape=(), dtype=float32)","tf.Tensor(0.0, shape=(), dtype=float32)","tf.Tensor(0.0, shape=(), dtype=float32)"
"tf.Tensor(43.810432, shape=(), dtype=float32)","tf.Tensor(0.4637686, shape=(), dtype=float32)","tf.Tensor(0.0, shape=(), dtype=float32)","tf.Tensor(0.0, shape=(), dtype=float32)"
"tf.Tensor(44.301086, shape=(), dtype=float32)","tf.Tensor(0.45759994, shape=(), dtype=float32)","tf.Tensor(0.0, shape=(), dtype=float32)","tf.Tensor(0.0, shape=(), dtype=float32)"
"tf.Tensor(44.938797, shape=(), dtype=float32)","tf.Tensor(0.44865888, shape=(), dtype=float32)","tf.Tensor(0.0, shape=(), dtype=float32)","tf.Tensor(0.0, shape=(), dtype=float32)"
"tf.Tensor(44.803616, shape=(), dtype=float32)","tf.Tensor(0.45145673, shape=(), dtype=float32)","tf.Tensor(0.0, shape=(), dtype=float32)","tf.Tensor(0.0, shape=(), dtype=float32)"
"tf.Tensor(44.44199, shape=(), dtype=float32)","tf.Tensor(0.45660645, shape=(), dtype=float32)","tf.Tensor(0.0, shape=(), dtype=float32)","tf.Tensor(0.0, shape=(), dtype=float32)"
"tf.Tensor(44.350018, shape=(), dtype=float32)","tf.Tensor(0.45752203, shape=(), dtype=float32)","tf.Tensor(0.0, shape=(), dtype=float32)","tf.Tensor(0.0, shape=(), dtype=float32)"
"tf.Tensor(44.56303, shape=(), dtype=float32)","tf.Tensor(0.4544448, shape=(), dtype=float32)","tf.Tensor(0.0, shape=(), dtype=float32)","tf.Tensor(0.0, shape=(), dtype=float32)"
"tf.Tensor(44.439053, shape=(), dtype=float32)","tf.Tensor(0.4563346, shape=(), dtype=float32)","tf.Tensor(0.0, shape=(), dtype=float32)","tf.Tensor(0.0, shape=(), dtype=float32)"
"tf.Tensor(44.278057, shape=(), dtype=float32)","tf.Tensor(0.45836243, shape=(), dtype=float32)","tf.Tensor(0.0, shape=(), dtype=float32)","tf.Tensor(0.0, shape=(), dtype=float32)"
"tf.Tensor(44.20619, shape=(), dtype=float32)","tf.Tensor(0.45914263, shape=(), dtype=float32)","tf.Tensor(0.0, shape=(), dtype=float32)","tf.Tensor(0.0, shape=(), dtype=float32)"
"tf.Tensor(44.513336, shape=(), dtype=float32)","tf.Tensor(0.45460922, shape=(), dtype=float32)","tf.Tensor(0.0, shape=(), dtype=float32)","tf.Tensor(0.0, shape=(), dtype=float32)"
"tf.Tensor(44.631622, shape=(), dtype=float32)","tf.Tensor(0.45315084, shape=(), dtype=float32)","tf.Tensor(0.0, shape=(), dtype=float32)","tf.Tensor(0.0, shape=(), dtype=float32)"
"tf.Tensor(44.45991, shape=(), dtype=float32)","tf.Tensor(0.45584673, shape=(), dtype=float32)","tf.Tensor(0.0, shape=(), dtype=float32)","tf.Tensor(0.0, shape=(), dtype=float32)"
"tf.Tensor(44.64855, shape=(), dtype=float32)","tf.Tensor(0.45306438, shape=(), dtype=float32)","tf.Tensor(0.0, shape=(), dtype=float32)","tf.Tensor(0.0, shape=(), dtype=float32)"
"tf.Tensor(44.574615, shape=(), dtype=float32)","tf.Tensor(0.45395532, shape=(), dtype=float32)","tf.Tensor(0.0, shape=(), dtype=float32)","tf.Tensor(0.0, shape=(), dtype=float32)"
"tf.Tensor(44.57374, shape=(), dtype=float32)","tf.Tensor(0.4542693, shape=(), dtype=float32)","tf.Tensor(0.0, shape=(), dtype=float32)","tf.Tensor(0.0, shape=(), dtype=float32)"
"tf.Tensor(44.501995, shape=(), dtype=float32)","tf.Tensor(0.45511526, shape=(), dtype=float32)","tf.Tensor(0.0, shape=(), dtype=float32)","tf.Tensor(0.0, shape=(), dtype=float32)"
"tf.Tensor(44.44511, shape=(), dtype=float32)","tf.Tensor(0.4559031, shape=(), dtype=float32)","tf.Tensor(0.0, shape=(), dtype=float32)","tf.Tensor(0.0, shape=(), dtype=float32)"
"tf.Tensor(44.390087, shape=(), dtype=float32)","tf.Tensor(0.4566996, shape=(), dtype=float32)","tf.Tensor(0.0, shape=(), dtype=float32)","tf.Tensor(0.0, shape=(), dtype=float32)"
"tf.Tensor(44.364708, shape=(), dtype=float32)","tf.Tensor(0.45721242, shape=(), dtype=float32)","tf.Tensor(0.0, shape=(), dtype=float32)","tf.Tensor(0.0, shape=(), dtype=float32)"
"tf.Tensor(44.303806, shape=(), dtype=float32)","tf.Tensor(0.45814648, shape=(), dtype=float32)","tf.Tensor(0.0, shape=(), dtype=float32)","tf.Tensor(0.0, shape=(), dtype=float32)"
"tf.Tensor(44.242073, shape=(), dtype=float32)","tf.Tensor(0.4592767, shape=(), dtype=float32)","tf.Tensor(0.0, shape=(), dtype=float32)","tf.Tensor(0.0, shape=(), dtype=float32)"
"tf.Tensor(44.281933, shape=(), dtype=float32)","tf.Tensor(0.45875096, shape=(), dtype=float32)","tf.Tensor(0.0, shape=(), dtype=float32)","tf.Tensor(0.0, shape=(), dtype=float32)"
"tf.Tensor(44.33339, shape=(), dtype=float32)","tf.Tensor(0.45793375, shape=(), dtype=float32)","tf.Tensor(0.0, shape=(), dtype=float32)","tf.Tensor(0.0, shape=(), dtype=float32)"
"tf.Tensor(44.351974, shape=(), dtype=float32)","tf.Tensor(0.4577433, shape=(), dtype=float32)","tf.Tensor(0.0, shape=(), dtype=float32)","tf.Tensor(0.0, shape=(), dtype=float32)"
"tf.Tensor(44.407726, shape=(), dtype=float32)","tf.Tensor(0.45697346, shape=(), dtype=float32)","tf.Tensor(0.0, shape=(), dtype=float32)","tf.Tensor(0.0, shape=(), dtype=float32)"
"tf.Tensor(28.808908, shape=(), dtype=float32)","tf.Tensor(0.7243402, shape=(), dtype=float32)","tf.Tensor(0.0, shape=(), dtype=float32)","tf.Tensor(0.0, shape=(), dtype=float32)"
"tf.Tensor(43.771786, shape=(), dtype=float32)","tf.Tensor(0.4593169, shape=(), dtype=float32)","tf.Tensor(0.0, shape=(), dtype=float32)","tf.Tensor(0.0, shape=(), dtype=float32)"
"tf.Tensor(44.39977, shape=(), dtype=float32)","tf.Tensor(0.45179775, shape=(), dtype=float32)","tf.Tensor(0.0, shape=(), dtype=float32)","tf.Tensor(0.0, shape=(), dtype=float32)"
"tf.Tensor(43.73222, shape=(), dtype=float32)","tf.Tensor(0.4637686, shape=(), dtype=float32)","tf.Tensor(0.0, shape=(), dtype=float32)","tf.Tensor(0.0, shape=(), dtype=float32)"
"tf.Tensor(44.22655, shape=(), dtype=float32)","tf.Tensor(0.45759994, shape=(), dtype=float32)","tf.Tensor(0.0, shape=(), dtype=float32)","tf.Tensor(0.0, shape=(), dtype=float32)"
"tf.Tensor(44.866184, shape=(), dtype=float32)","tf.Tensor(0.44865888, shape=(), dtype=float32)","tf.Tensor(0.0, shape=(), dtype=float32)","tf.Tensor(0.0, shape=(), dtype=float32)"
"tf.Tensor(44.733948, shape=(), dtype=float32)","tf.Tensor(0.45145673, shape=(), dtype=float32)","tf.Tensor(0.0, shape=(), dtype=float32)","tf.Tensor(0.0, shape=(), dtype=float32)"
"tf.Tensor(44.37541, shape=(), dtype=float32)","tf.Tensor(0.45660645, shape=(), dtype=float32)","tf.Tensor(0.0, shape=(), dtype=float32)","tf.Tensor(0.0, shape=(), dtype=float32)"
"tf.Tensor(44.28318, shape=(), dtype=float32)","tf.Tensor(0.45752203, shape=(), dtype=float32)","tf.Tensor(0.0, shape=(), dtype=float32)","tf.Tensor(0.0, shape=(), dtype=float32)"
"tf.Tensor(44.491287, shape=(), dtype=float32)","tf.Tensor(0.4544448, shape=(), dtype=float32)","tf.Tensor(0.0, shape=(), dtype=float32)","tf.Tensor(0.0, shape=(), dtype=float32)"
"tf.Tensor(44.368908, shape=(), dtype=float32)","tf.Tensor(0.4563346, shape=(), dtype=float32)","tf.Tensor(0.0, shape=(), dtype=float32)","tf.Tensor(0.0, shape=(), dtype=float32)"
"tf.Tensor(44.210472, shape=(), dtype=float32)","tf.Tensor(0.45836243, shape=(), dtype=float32)","tf.Tensor(0.0, shape=(), dtype=float32)","tf.Tensor(0.0, shape=(), dtype=float32)"
"tf.Tensor(44.140083, shape=(), dtype=float32)","tf.Tensor(0.45914263, shape=(), dtype=float32)","tf.Tensor(0.0, shape=(), dtype=float32)","tf.Tensor(0.0, shape=(), dtype=float32)"
"tf.Tensor(44.448635, shape=(), dtype=float32)","tf.Tensor(0.45460922, shape=(), dtype=float32)","tf.Tensor(0.0, shape=(), dtype=float32)","tf.Tensor(0.0, shape=(), dtype=float32)"
"tf.Tensor(44.56749, shape=(), dtype=float32)","tf.Tensor(0.45315084, shape=(), dtype=float32)","tf.Tensor(0.0, shape=(), dtype=float32)","tf.Tensor(0.0, shape=(), dtype=float32)"
"tf.Tensor(44.39682, shape=(), dtype=float32)","tf.Tensor(0.45584673, shape=(), dtype=float32)","tf.Tensor(0.0, shape=(), dtype=float32)","tf.Tensor(0.0, shape=(), dtype=float32)"
"tf.Tensor(44.585835, shape=(), dtype=float32)","tf.Tensor(0.45306438, shape=(), dtype=float32)","tf.Tensor(0.0, shape=(), dtype=float32)","tf.Tensor(0.0, shape=(), dtype=float32)"
"tf.Tensor(44.51306, shape=(), dtype=float32)","tf.Tensor(0.45395532, shape=(), dtype=float32)","tf.Tensor(0.0, shape=(), dtype=float32)","tf.Tensor(0.0, shape=(), dtype=float32)"
"tf.Tensor(44.511967, shape=(), dtype=float32)","tf.Tensor(0.4542693, shape=(), dtype=float32)","tf.Tensor(0.0, shape=(), dtype=float32)","tf.Tensor(0.0, shape=(), dtype=float32)"
"tf.Tensor(44.440514, shape=(), dtype=float32)","tf.Tensor(0.45511526, shape=(), dtype=float32)","tf.Tensor(0.0, shape=(), dtype=float32)","tf.Tensor(0.0, shape=(), dtype=float32)"
"tf.Tensor(44.383865, shape=(), dtype=float32)","tf.Tensor(0.4559031, shape=(), dtype=float32)","tf.Tensor(0.0, shape=(), dtype=float32)","tf.Tensor(0.0, shape=(), dtype=float32)"
"tf.Tensor(44.329353, shape=(), dtype=float32)","tf.Tensor(0.4566996, shape=(), dtype=float32)","tf.Tensor(0.0, shape=(), dtype=float32)","tf.Tensor(0.0, shape=(), dtype=float32)"
"tf.Tensor(44.303864, shape=(), dtype=float32)","tf.Tensor(0.45721242, shape=(), dtype=float32)","tf.Tensor(0.0, shape=(), dtype=float32)","tf.Tensor(0.0, shape=(), dtype=float32)"
"tf.Tensor(44.243572, shape=(), dtype=float32)","tf.Tensor(0.45814648, shape=(), dtype=float32)","tf.Tensor(0.0, shape=(), dtype=float32)","tf.Tensor(0.0, shape=(), dtype=float32)"
"tf.Tensor(44.181973, shape=(), dtype=float32)","tf.Tensor(0.4592767, shape=(), dtype=float32)","tf.Tensor(0.0, shape=(), dtype=float32)","tf.Tensor(0.0, shape=(), dtype=float32)"
"tf.Tensor(44.221657, shape=(), dtype=float32)","tf.Tensor(0.45875096, shape=(), dtype=float32)","tf.Tensor(0.0, shape=(), dtype=float32)","tf.Tensor(0.0, shape=(), dtype=float32)"
"tf.Tensor(44.273254, shape=(), dtype=float32)","tf.Tensor(0.45793375, shape=(), dtype=float32)","tf.Tensor(0.0, shape=(), dtype=float32)","tf.Tensor(0.0, shape=(), dtype=float32)"
"tf.Tensor(44.291904, shape=(), dtype=float32)","tf.Tensor(0.4577433, shape=(), dtype=float32)","tf.Tensor(0.0, shape=(), dtype=float32)","tf.Tensor(0.0, shape=(), dtype=float32)"
"tf.Tensor(44.347004, shape=(), dtype=float32)","tf.Tensor(0.45697346, shape=(), dtype=float32)","tf.Tensor(0.0, shape=(), dtype=float32)","tf.Tensor(0.0, shape=(), dtype=float32)"
"tf.Tensor(28.823837, shape=(), dtype=float32)","tf.Tensor(0.7243402, shape=(), dtype=float32)","tf.Tensor(0.0, shape=(), dtype=float32)","tf.Tensor(0.0, shape=(), dtype=float32)"
"tf.Tensor(43.643757, shape=(), dtype=float32)","tf.Tensor(0.4593169, shape=(), dtype=float32)","tf.Tensor(0.0, shape=(), dtype=float32)","tf.Tensor(0.0, shape=(), dtype=float32)"
"tf.Tensor(44.29403, shape=(), dtype=float32)","tf.Tensor(0.45179775, shape=(), dtype=float32)","tf.Tensor(0.0, shape=(), dtype=float32)","tf.Tensor(0.0, shape=(), dtype=float32)"
"tf.Tensor(43.63969, shape=(), dtype=float32)","tf.Tensor(0.4637686, shape=(), dtype=float32)","tf.Tensor(0.0, shape=(), dtype=float32)","tf.Tensor(0.0, shape=(), dtype=float32)"
"tf.Tensor(44.139698, shape=(), dtype=float32)","tf.Tensor(0.45759994, shape=(), dtype=float32)","tf.Tensor(0.0, shape=(), dtype=float32)","tf.Tensor(0.0, shape=(), dtype=float32)"
"tf.Tensor(44.78332, shape=(), dtype=float32)","tf.Tensor(0.44865888, shape=(), dtype=float32)","tf.Tensor(0.0, shape=(), dtype=float32)","tf.Tensor(0.0, shape=(), dtype=float32)"
"tf.Tensor(44.65525, shape=(), dtype=float32)","tf.Tensor(0.45145673, shape=(), dtype=float32)","tf.Tensor(0.0, shape=(), dtype=float32)","tf.Tensor(0.0, shape=(), dtype=float32)"
"tf.Tensor(44.300766, shape=(), dtype=float32)","tf.Tensor(0.45660645, shape=(), dtype=float32)","tf.Tensor(0.0, shape=(), dtype=float32)","tf.Tensor(0.0, shape=(), dtype=float32)"
"tf.Tensor(44.208534, shape=(), dtype=float32)","tf.Tensor(0.45752203, shape=(), dtype=float32)","tf.Tensor(0.0, shape=(), dtype=float32)","tf.Tensor(0.0, shape=(), dtype=float32)"
"tf.Tensor(44.412983, shape=(), dtype=float32)","tf.Tensor(0.4544448, shape=(), dtype=float32)","tf.Tensor(0.0, shape=(), dtype=float32)","tf.Tensor(0.0, shape=(), dtype=float32)"
"tf.Tensor(44.292637, shape=(), dtype=float32)","tf.Tensor(0.4563346, shape=(), dtype=float32)","tf.Tensor(0.0, shape=(), dtype=float32)","tf.Tensor(0.0, shape=(), dtype=float32)"
"tf.Tensor(44.137104, shape=(), dtype=float32)","tf.Tensor(0.45836243, shape=(), dtype=float32)","tf.Tensor(0.0, shape=(), dtype=float32)","tf.Tensor(0.0, shape=(), dtype=float32)"
"tf.Tensor(44.067833, shape=(), dtype=float32)","tf.Tensor(0.45914263, shape=(), dtype=float32)","tf.Tensor(0.0, shape=(), dtype=float32)","tf.Tensor(0.0, shape=(), dtype=float32)"
"tf.Tensor(44.377403, shape=(), dtype=float32)","tf.Tensor(0.45460922, shape=(), dtype=float32)","tf.Tensor(0.0, shape=(), dtype=float32)","tf.Tensor(0.0, shape=(), dtype=float32)"
"tf.Tensor(44.496555, shape=(), dtype=float32)","tf.Tensor(0.45315084, shape=(), dtype=float32)","tf.Tensor(0.0, shape=(), dtype=float32)","tf.Tensor(0.0, shape=(), dtype=float32)"
"tf.Tensor(44.326782, shape=(), dtype=float32)","tf.Tensor(0.45584673, shape=(), dtype=float32)","tf.Tensor(0.0, shape=(), dtype=float32)","tf.Tensor(0.0, shape=(), dtype=float32)"
"tf.Tensor(44.5158, shape=(), dtype=float32)","tf.Tensor(0.45306438, shape=(), dtype=float32)","tf.Tensor(0.0, shape=(), dtype=float32)","tf.Tensor(0.0, shape=(), dtype=float32)"
"tf.Tensor(44.443466, shape=(), dtype=float32)","tf.Tensor(0.45395532, shape=(), dtype=float32)","tf.Tensor(0.0, shape=(), dtype=float32)","tf.Tensor(0.0, shape=(), dtype=float32)"
"tf.Tensor(44.44217, shape=(), dtype=float32)","tf.Tensor(0.4542693, shape=(), dtype=float32)","tf.Tensor(0.0, shape=(), dtype=float32)","tf.Tensor(0.0, shape=(), dtype=float32)"
"tf.Tensor(44.371082, shape=(), dtype=float32)","tf.Tensor(0.45511526, shape=(), dtype=float32)","tf.Tensor(0.0, shape=(), dtype=float32)","tf.Tensor(0.0, shape=(), dtype=float32)"
"tf.Tensor(44.31462, shape=(), dtype=float32)","tf.Tensor(0.4559031, shape=(), dtype=float32)","tf.Tensor(0.0, shape=(), dtype=float32)","tf.Tensor(0.0, shape=(), dtype=float32)"
"tf.Tensor(44.26097, shape=(), dtype=float32)","tf.Tensor(0.4566996, shape=(), dtype=float32)","tf.Tensor(0.0, shape=(), dtype=float32)","tf.Tensor(0.0, shape=(), dtype=float32)"
"tf.Tensor(44.23493, shape=(), dtype=float32)","tf.Tensor(0.45721242, shape=(), dtype=float32)","tf.Tensor(0.0, shape=(), dtype=float32)","tf.Tensor(0.0, shape=(), dtype=float32)"
"tf.Tensor(44.17528, shape=(), dtype=float32)","tf.Tensor(0.45814648, shape=(), dtype=float32)","tf.Tensor(0.0, shape=(), dtype=float32)","tf.Tensor(0.0, shape=(), dtype=float32)"
"tf.Tensor(44.114017, shape=(), dtype=float32)","tf.Tensor(0.4592767, shape=(), dtype=float32)","tf.Tensor(0.0, shape=(), dtype=float32)","tf.Tensor(0.0, shape=(), dtype=float32)"
"tf.Tensor(44.153397, shape=(), dtype=float32)","tf.Tensor(0.45875096, shape=(), dtype=float32)","tf.Tensor(0.0, shape=(), dtype=float32)","tf.Tensor(0.0, shape=(), dtype=float32)"
"tf.Tensor(44.205254, shape=(), dtype=float32)","tf.Tensor(0.45793375, shape=(), dtype=float32)","tf.Tensor(0.0, shape=(), dtype=float32)","tf.Tensor(0.0, shape=(), dtype=float32)"
"tf.Tensor(44.22402, shape=(), dtype=float32)","tf.Tensor(0.4577433, shape=(), dtype=float32)","tf.Tensor(0.0, shape=(), dtype=float32)","tf.Tensor(0.0, shape=(), dtype=float32)"
"tf.Tensor(44.278748, shape=(), dtype=float32)","tf.Tensor(0.45697346, shape=(), dtype=float32)","tf.Tensor(0.0, shape=(), dtype=float32)","tf.Tensor(0.0, shape=(), dtype=float32)"
"tf.Tensor(28.828709, shape=(), dtype=float32)","tf.Tensor(0.7243402, shape=(), dtype=float32)","tf.Tensor(0.0, shape=(), dtype=float32)","tf.Tensor(0.0, shape=(), dtype=float32)"
"tf.Tensor(43.516586, shape=(), dtype=float32)","tf.Tensor(0.4593169, shape=(), dtype=float32)","tf.Tensor(0.0, shape=(), dtype=float32)","tf.Tensor(0.0, shape=(), dtype=float32)"
"tf.Tensor(44.19826, shape=(), dtype=float32)","tf.Tensor(0.45179775, shape=(), dtype=float32)","tf.Tensor(0.0, shape=(), dtype=float32)","tf.Tensor(0.0, shape=(), dtype=float32)"
"tf.Tensor(43.55496, shape=(), dtype=float32)","tf.Tensor(0.4637686, shape=(), dtype=float32)","tf.Tensor(0.0, shape=(), dtype=float32)","tf.Tensor(0.0, shape=(), dtype=float32)"
"tf.Tensor(44.058346, shape=(), dtype=float32)","tf.Tensor(0.45759994, shape=(), dtype=float32)","tf.Tensor(0.0, shape=(), dtype=float32)","tf.Tensor(0.0, shape=(), dtype=float32)"
"tf.Tensor(44.705124, shape=(), dtype=float32)","tf.Tensor(0.44865888, shape=(), dtype=float32)","tf.Tensor(0.0, shape=(), dtype=float32)","tf.Tensor(0.0, shape=(), dtype=float32)"
"tf.Tensor(44.58018, shape=(), dtype=float32)","tf.Tensor(0.45145673, shape=(), dtype=float32)","tf.Tensor(0.0, shape=(), dtype=float32)","tf.Tensor(0.0, shape=(), dtype=float32)"
"tf.Tensor(44.228943, shape=(), dtype=float32)","tf.Tensor(0.45660645, shape=(), dtype=float32)","tf.Tensor(0.0, shape=(), dtype=float32)","tf.Tensor(0.0, shape=(), dtype=float32)"
"tf.Tensor(44.13422, shape=(), dtype=float32)","tf.Tensor(0.45752203, shape=(), dtype=float32)","tf.Tensor(0.0, shape=(), dtype=float32)","tf.Tensor(0.0, shape=(), dtype=float32)"
"tf.Tensor(44.335148, shape=(), dtype=float32)","tf.Tensor(0.4544448, shape=(), dtype=float32)","tf.Tensor(0.0, shape=(), dtype=float32)","tf.Tensor(0.0, shape=(), dtype=float32)"
"tf.Tensor(44.215824, shape=(), dtype=float32)","tf.Tensor(0.4563346, shape=(), dtype=float32)","tf.Tensor(0.0, shape=(), dtype=float32)","tf.Tensor(0.0, shape=(), dtype=float32)"
"tf.Tensor(44.06259, shape=(), dtype=float32)","tf.Tensor(0.45836243, shape=(), dtype=float32)","tf.Tensor(0.0, shape=(), dtype=float32)","tf.Tensor(0.0, shape=(), dtype=float32)"
"tf.Tensor(43.99392, shape=(), dtype=float32)","tf.Tensor(0.45914263, shape=(), dtype=float32)","tf.Tensor(0.0, shape=(), dtype=float32)","tf.Tensor(0.0, shape=(), dtype=float32)"
"tf.Tensor(44.30458, shape=(), dtype=float32)","tf.Tensor(0.45460922, shape=(), dtype=float32)","tf.Tensor(0.0, shape=(), dtype=float32)","tf.Tensor(0.0, shape=(), dtype=float32)"
"tf.Tensor(44.423485, shape=(), dtype=float32)","tf.Tensor(0.45315084, shape=(), dtype=float32)","tf.Tensor(0.0, shape=(), dtype=float32)","tf.Tensor(0.0, shape=(), dtype=float32)"
"tf.Tensor(44.254158, shape=(), dtype=float32)","tf.Tensor(0.45584673, shape=(), dtype=float32)","tf.Tensor(0.0, shape=(), dtype=float32)","tf.Tensor(0.0, shape=(), dtype=float32)"
"tf.Tensor(44.44253, shape=(), dtype=float32)","tf.Tensor(0.45306438, shape=(), dtype=float32)","tf.Tensor(0.0, shape=(), dtype=float32)","tf.Tensor(0.0, shape=(), dtype=float32)"
"tf.Tensor(44.371044, shape=(), dtype=float32)","tf.Tensor(0.45395532, shape=(), dtype=float32)","tf.Tensor(0.0, shape=(), dtype=float32)","tf.Tensor(0.0, shape=(), dtype=float32)"
"tf.Tensor(44.369686, shape=(), dtype=float32)","tf.Tensor(0.4542693, shape=(), dtype=float32)","tf.Tensor(0.0, shape=(), dtype=float32)","tf.Tensor(0.0, shape=(), dtype=float32)"
"tf.Tensor(44.298923, shape=(), dtype=float32)","tf.Tensor(0.45511526, shape=(), dtype=float32)","tf.Tensor(0.0, shape=(), dtype=float32)","tf.Tensor(0.0, shape=(), dtype=float32)"
"tf.Tensor(44.24255, shape=(), dtype=float32)","tf.Tensor(0.4559031, shape=(), dtype=float32)","tf.Tensor(0.0, shape=(), dtype=float32)","tf.Tensor(0.0, shape=(), dtype=float32)"
"tf.Tensor(44.18987, shape=(), dtype=float32)","tf.Tensor(0.4566996, shape=(), dtype=float32)","tf.Tensor(0.0, shape=(), dtype=float32)","tf.Tensor(0.0, shape=(), dtype=float32)"
"tf.Tensor(44.163025, shape=(), dtype=float32)","tf.Tensor(0.45721242, shape=(), dtype=float32)","tf.Tensor(0.0, shape=(), dtype=float32)","tf.Tensor(0.0, shape=(), dtype=float32)"
"tf.Tensor(44.10392, shape=(), dtype=float32)","tf.Tensor(0.45814648, shape=(), dtype=float32)","tf.Tensor(0.0, shape=(), dtype=float32)","tf.Tensor(0.0, shape=(), dtype=float32)"
"tf.Tensor(44.04251, shape=(), dtype=float32)","tf.Tensor(0.4592767, shape=(), dtype=float32)","tf.Tensor(0.0, shape=(), dtype=float32)","tf.Tensor(0.0, shape=(), dtype=float32)"
"tf.Tensor(44.0817, shape=(), dtype=float32)","tf.Tensor(0.45875096, shape=(), dtype=float32)","tf.Tensor(0.0, shape=(), dtype=float32)","tf.Tensor(0.0, shape=(), dtype=float32)"
"tf.Tensor(44.133816, shape=(), dtype=float32)","tf.Tensor(0.45793375, shape=(), dtype=float32)","tf.Tensor(0.0, shape=(), dtype=float32)","tf.Tensor(0.0, shape=(), dtype=float32)"
"tf.Tensor(44.15281, shape=(), dtype=float32)","tf.Tensor(0.4577433, shape=(), dtype=float32)","tf.Tensor(0.0, shape=(), dtype=float32)","tf.Tensor(0.0, shape=(), dtype=float32)"
"tf.Tensor(44.206924, shape=(), dtype=float32)","tf.Tensor(0.45697346, shape=(), dtype=float32)","tf.Tensor(0.0, shape=(), dtype=float32)","tf.Tensor(0.0, shape=(), dtype=float32)"
